time,temp,humidity,pressure,windSpeed,windGust,windDirection,rainIntensity,rainVolume,wbgt,status
2026-09-27T08:00:00Z,15.175,1.65,,0.5,1.175,141.8,0.0,0.0,,Ok
2026-09-27T09:00:00Z,16.642,2.008,,0.617,1.533,156.883,0.0,0.0,,Ok
2026-09-27T10:00:00Z,20.15,3.508,,0.517,1.625,154.567,0.0,0.0,,Ok
2026-09-27T11:00:00Z,21.425,3.008,,0.625,1.725,148.675,0.0,0.0,,Ok
2026-09-27T12:00:00Z,22.227,1.982,,0.673,2.091,153.864,0.0,0.0,,Ok
2026-09-27T13:00:00Z,22.691,1.364,,0.564,1.891,169.7,0.0,0.0,,Ok
2026-09-27T14:00:00Z,22.717,1.3,,0.508,1.933,154.417,0.0,0.0,,Ok
2026-09-27T15:00:00Z,22.927,1.3,,0.409,1.573,149.055,0.0,0.0,,Ok
2026-09-27T16:00:00Z,22.683,1.3,,0.333,1.058,192.9,0.0,0.0,,Ok
2026-09-27T17:00:00Z,21.975,1.3,,0.175,0.475,250.458,0.0,0.0,,Ok
2026-09-27T18:00:00Z,21.275,1.3,,0.158,0.458,218.092,0.0,0.0,,Ok
2026-09-27T19:00:00Z,20.767,1.458,,0.208,0.5,267.767,0.0,0.0,,Ok
2026-09-27T20:00:00Z,20.017,2.05,,0.233,0.433,207.483,0.0,0.0,,Ok
2026-09-27T21:00:00Z,19.133,2.583,,0.2,0.433,199.775,0.0,0.0,,Ok
2026-09-27T22:00:00Z,18.973,2.5,,0.236,0.473,199.555,0.0,0.0,,Ok
2026-09-27T23:00:00Z,18.967,2.5,,0.267,0.65,208.833,0.0,0.0,,Ok
2026-09-28T00:00:00Z,18.68,2.46,,0.22,0.64,201.8,0.0,0.0,,Ok
2026-09-28T01:00:00Z,18.543,2.214,,0.214,0.657,163.171,0.0,0.0,,Ok
2026-09-28T02:00:00Z,18.2,2.325,,0.175,0.475,163.625,0.0,0.0,,Ok
2026-09-28T03:00:00Z,17.764,2.464,,0.173,0.509,211.645,0.036,0.127,,Ok
2026-09-28T04:00:00Z,17.3,2.658,,0.208,0.6,186.833,0.033,0.683,,Ok
2026-09-28T05:00:00Z,17.175,2.908,,0.183,0.467,171.65,0.0,0.8,,Ok
2026-09-28T06:00:00Z,17.292,3.0,,0.183,0.525,199.067,0.0,0.8,,Ok
2026-09-28T07:00:00Z,17.75,2.958,,0.217,0.583,167.017,0.0,0.8,,Ok
2026-09-28T08:00:00Z,18.575,2.542,,0.333,0.933,164.667,0.0,0.8,,Ok
2026-09-28T09:00:00Z,18.875,2.617,,0.3,0.725,178.5,0.0,0.8,,Ok
2026-09-28T10:00:00Z,18.65,2.6,,0.333,0.825,149.017,0.017,0.85,,Ok
2026-09-28T11:00:00Z,18.575,2.6,,0.325,0.925,79.842,0.0,1.0,,Ok
2026-09-28T12:00:00Z,18.892,2.592,,0.367,1.167,143.625,0.017,1.15,,Ok
2026-09-28T13:00:00Z,19.283,2.642,,0.467,1.375,197.383,0.0,1.2,,Ok
2026-09-28T14:00:00Z,19.6,2.517,,0.55,1.725,118.267,0.0,1.2,,Ok
2026-09-28T15:00:00Z,19.692,2.4,,0.608,1.858,154.425,0.0,1.2,,Ok
2026-09-28T16:00:00Z,19.392,2.333,,0.542,1.742,192.433,0.0,1.2,,Ok
2026-09-28T17:00:00Z,18.9,2.3,,0.517,1.667,184.833,0.0,1.2,,Ok
2026-09-28T18:00:00Z,18.525,2.383,,0.458,1.367,213.1,0.0,1.2,,Ok
2026-09-28T19:00:00Z,18.35,2.4,,0.483,1.633,183.8,0.0,1.2,,Ok
2026-09-28T20:00:00Z,18.1,2.308,,0.442,1.633,205.7,0.0,1.2,,Ok
2026-09-28T21:00:00Z,17.958,2.2,,0.433,1.7,175.175,0.0,1.2,,Ok
2026-09-28T22:00:00Z,17.783,2.075,,0.375,1.408,199.8,0.033,1.283,,Ok
2026-09-28T23:00:00Z,17.542,2.0,,0.433,1.458,212.317,0.033,1.867,,Ok
2026-09-29T00:00:00Z,17.383,2.0,,0.475,1.892,238.167,0.05,2.367,,Ok
2026-09-29T01:00:00Z,17.275,2.0,,0.5,1.792,274.983,0.0,2.6,,Ok
2026-09-29T02:00:00Z,17.142,2.075,,0.383,1.2,172.208,0.0,2.6,,Ok
2026-09-29T03:00:00Z,16.992,2.283,,0.325,1.092,180.325,0.0,2.6,,Ok
2026-09-29T04:00:00Z,16.717,2.675,,0.358,1.183,169.7,0.0,2.6,,Ok
2026-09-29T05:00:00Z,16.533,3.125,,0.417,1.4,209.842,0.0,2.6,,Ok
2026-09-29T06:00:00Z,16.525,3.392,,0.483,1.8,193.433,0.0,2.6,,Ok
2026-09-29T07:00:00Z,16.792,3.325,,0.717,2.233,246.875,0.0,2.6,,Ok
2026-09-29T08:00:00Z,16.987,3.25,,0.537,1.538,286.988,0.0,2.6,,Ok
